lat_coords,lng_coords,city,country,Temp,Humidity,Cloudiness,Wind Speed,Latitude,Longitude
1.6626780579775442,-116.26035814667648,san patricio,mx,82.4,78,75,11.41,19.22,-104.7
-80.09585891726663,-52.11226356866557,ushuaia,ar,50,61,40,34.45,-54.81,-68.31
-2.4499990005189716,-97.13208689534704,puerto ayora,ec,80.6,78,75,12.75,-0.74,-90.35
61.15259467140689,30.990329394266297,lyaskelya,ru,7.49,83,56,5.08,61.77,31.02
61.75772789139626,41.37652877227367,ust-shonosha,ru,12.39,84,68,11.12,61.15,41.34
66.24772509783762,69.46250644296418,yar-sale,ru,1.68,89,20,10.45,66.83,70.83
-88.70894747907512,72.95842415852286,taolanaro,mg,,,,,,
-29.807990221326065,71.17201317749993,bambous virieux,mu,77,94,75,3.36,-20.34,57.76
-71.58871871835083,-121.86540753042229,rikitea,pf,79.94,100,64,10.67,-23.12,-134.97
-63.53832380496422,97.12699670783468,busselton,au,74.94,82,0,6.2,-33.64,115.35
47.69210262477924,63.130885354496854,kazalinsk,kz,,,,,,
68.29542408126514,8.959376521607197,sorland,no,35.43,100,64,16.6,67.67,12.69
-4.48247090062047,13.687556330900236,madingou,cg,72.6,94,76,2.17,-4.17,13.56
-80.24097699782993,104.24430076385886,albany,au,69.8,83,40,9.17,-35.02,117.88
-41.51239991687648,-95.39345172485956,ancud,cl,68,64,92,5.82,-41.87,-73.83
82.96234815961765,5.624911710149803,barentsburg,sj,,,,,,
19.546571712495492,-87.08882757986287,tulum,mx,78.8,74,20,3.36,20.21,-87.46
-76.4541805323289,-110.5588248574162,punta arenas,cl,55.4,37,0,27.51,-53.16,-70.91
40.05673984145969,75.63652451688299,kashi,cn,23,92,90,4.47,39.45,75.98
-66.56099210700408,8.179809674940088,hermanus,za,48.35,92,0,5.19,-34.42,19.24
37.800760901666294,46.07063609639914,azar shahr,ir,,,,,,
78.46107802994175,79.3718772577987,dikson,ru,8.7,100,64,9.1,73.51,80.55
56.77669782072502,7.149479802443494,harboore,dk,30.2,92,80,4.7,56.62,8.18
55.49902248945094,88.1161236816867,berikulskiy,ru,,,,,,
42.627051136635544,-159.2658254572323,kodiak,us,13.08,47,1,12.75,39.95,-94.76
10.622727617516375,74.628171862404,ponnani,in,71.6,83,0,2.24,10.77,75.93
7.088106889160599,174.3192948201551,butaritari,ki,83.72,100,44,12.57,3.07,172.79
-8.897232604903877,38.0459909516118,liwale,tz,70.4,98,92,3.18,-9.8,37.92
46.38783547954898,-67.73542605194035,houlton,us,-4.63,52,90,4.7,46.13,-67.84
23.188440391862244,-61.37603941962709,the valley,ai,76.14,69,20,8.05,18.22,-63.06
-31.849943056355926,-142.52414092265428,mataura,pf,,,,,,
37.192412852345115,-155.22981293855645,kapaa,us,78.98,64,20,16.11,22.08,-159.32
59.83383155908922,153.4671954816942,talaya,ru,15.8,78,0,13.42,55.79,84.89
-52.47171711237596,-172.64275430232036,vaini,to,84.2,83,75,6.93,-21.2,-175.2
48.86022977216763,-28.664372880631078,lagoa,pt,57.2,93,20,9.17,37.14,-8.45
-9.872596070383054,69.43498204543889,hithadhoo,mv,79.35,100,80,5.64,-0.6,73.08
-20.36068055939768,69.42198951109992,grand river south east,mu,,,,,,
63.08232197522142,6.650945165715484,bud,no,29.68,86,88,6.93,62.91,6.91
18.518109496328975,-20.71718239805034,santa maria,cv,68,64,40,18.34,16.6,-22.9
60.255420742265414,30.36232743102039,leskolovo,ru,24.8,85,90,11.18,60.27,30.46
56.210071336185905,111.15252743203843,kichera,ru,-5.97,78,56,1.95,55.93,110.1
-11.525550319741996,-49.620709961366714,formoso do araguaia,br,,,,,,
73.69000188164895,-112.98344578209152,yellowknife,ca,-11.21,76,75,18.34,62.45,-114.38
-22.870086215883816,-97.41099223536023,hualmay,pe,71.16,81,24,4.63,-11.1,-77.61
33.79862331365348,60.70896652002304,taybad,ir,33.45,94,92,3.06,34.74,60.78
75.36670454655808,-39.6431970432115,tasiilaq,gl,24.8,73,8,1.12,65.61,-37.64
-38.46122901339951,4.635924286417435,saldanha,za,59,67,0,9.17,-33.01,17.94
82.87345227135339,58.91673697569402,belushya guba,ru,,,,,,
-1.7943394178100363,161.8664372417805,buala,sb,84.21,91,44,3.51,-8.15,159.59
51.4568703248045,-54.781316556414254,saint anthony,ca,,,,,,
28.82476061030242,131.13376638047833,naze,jp,66.2,72,75,6.93,28.37,129.48
-74.61603633867631,36.21209097353645,port elizabeth,za,59,72,20,8.05,-33.92,25.57
10.576160220696494,64.68917601481976,kavaratti,in,81.2,100,0,3.4,10.57,72.64
-37.34637882457185,-68.98398331567289,neuquen,ar,93.2,20,0,11.41,-38.95,-68.06
-8.80494758018341,-141.5838163478961,atuona,pf,78.9,100,92,16.6,-9.8,-139.03
-51.09461878685235,-19.021295950033476,arraial do cabo,br,79.67,87,36,21.07,-22.97,-42.02
70.47908367171814,-74.83303785077915,clyde river,ca,-22.01,74,40,2.24,70.47,-68.59
30.005982805942452,-101.30626971159762,del rio,us,64.26,23,1,16.11,29.36,-100.9
-66.6651587512018,-30.786286754035814,mar del plata,ar,83.27,24,0,20.29,-46.43,-67.52
-19.13622091182674,-146.0421748085668,tautira,pf,89.6,62,40,12.75,-17.73,-149.15
-53.60439343383952,6.795993048569613,cape town,za,60.8,59,0,21.92,-33.93,18.42
-64.6289149130957,-20.457552208815287,chuy,uy,66.3,81,48,13.47,-33.69,-53.46
64.82059974658799,82.36675072420428,krasnoselkup,ru,,,,,,
78.78563468783307,-43.995692245784255,ilulissat,gl,6.8,77,80,16.11,69.22,-51.1
21.5724108210147,-134.01154791321852,lompoc,us,70.52,56,1,10.29,34.64,-120.46
-6.342530636554059,-67.59913723190608,pauini,br,79.62,88,32,6.76,-7.71,-67
34.41389111771514,178.58633599297178,nikolskoye,ru,24.8,85,90,11.18,59.7,30.79
35.0582769163765,97.70152508617093,xining,cn,5.55,92,76,2.51,36.62,101.77
50.95668226445082,-78.60968490041725,matagami,ca,-25.61,74,1,3.51,49.76,-77.63
-29.89605953933875,-25.563580378164488,sao joao da barra,br,81.2,96,12,28.57,-21.64,-41.05
-1.182915610073735,-90.02670052102604,puerto baquerizo moreno,ec,77,94,90,11.41,-0.9,-89.6
86.35139513218837,123.91558978854846,tiksi,ru,-46.83,0,32,2.62,71.64,128.87
-81.27182075668654,140.83557618754799,hobart,au,71.6,43,75,10.29,-42.88,147.33
12.846558690237956,28.847640161342383,abu zabad,sd,58.7,41,0,10.45,12.35,29.25
61.72013826052387,-148.29867739191292,palmer,us,10.98,83,40,3.36,61.6,-149.11
-6.699403784001589,-63.96439294755895,canutama,br,79.08,91,0,2.73,-6.53,-64.38
39.144476155189665,-80.41279813058968,clarksburg,us,35.11,87,90,4.7,39.24,-77.28
21.368151712405563,-35.66605030940485,ponta do sol,cv,69.8,60,40,14.99,17.2,-25.09
-0.6683979857115645,122.66275490926847,luwuk,id,79.98,100,36,3.4,-0.95,122.79
-8.174832266309224,45.99593090651351,mitsamiouli,km,83.13,97,20,13.13,-11.38,43.28
-30.05214227069566,-15.987794248252499,jamestown,sh,74.27,100,92,14.58,-15.94,-5.72
53.8008570667003,-49.1835076804133,bonavista,ca,19.41,100,12,23.64,48.65,-53.11
47.00562828865023,25.532585560041326,bilbor,ro,19.19,87,48,2.17,47.07,25.49
18.563126278925637,51.96767204371005,salalah,om,75.2,50,0,12.75,17.01,54.1
69.19668964260333,175.73226031956125,leningradskiy,ru,-8.13,97,24,19.17,69.38,178.42
-4.977141881489686,-90.09806612895952,san cristobal,ec,63.51,100,92,0.94,-1.02,-79.44
68.09890625058779,-172.53597217076407,lavrentiya,ru,1.68,100,56,8.55,65.58,-170.99
63.37729689301767,49.52549414583456,koslan,ru,14.91,86,80,2.73,63.46,48.9
47.7424105603086,-46.95765832144494,torbay,ca,23,73,5,10.29,47.66,-52.73
16.701014846205965,-75.77359585952125,morant bay,jm,80.6,61,20,13.87,17.88,-76.41
-5.973080550803104,-54.07655665501535,sao felix do xingu,br,70.44,97,92,1.95,-6.64,-51.99
-34.59381508983446,-67.24652695251191,san rafael,ar,80.43,30,0,12.12,-34.61,-68.33
-59.55597348459331,-20.34491382218897,cidreira,br,69.72,96,100,13.69,-30.17,-50.22
80.09379480183148,-18.612206555826162,illoqqortoormiut,gl,,,,,,
-76.11708981287612,162.2318287494454,bluff,nz,57.84,100,88,37.18,-46.6,168.33
21.015009258899653,40.908746809926384,mecca,sa,54.42,86,0,2.95,21.43,39.83
37.30886210368047,7.619810122079883,tabarqah,tn,,,,,,
-11.839226267641465,3.702497387395425,namibe,ao,74.94,100,20,5.41,-15.19,12.15
-34.74074194858672,45.20103889986558,tsihombe,mg,,,,,,
-32.420513203286006,165.755061454192,ahipara,nz,73.14,78,80,10,-35.17,173.16
-78.91303684316568,178.52851386306236,kaitangata,nz,62.25,62,0,28.68,-46.28,169.85
65.04331087746203,43.81058930953688,pinega,ru,7.22,76,76,3.62,64.7,43.39
-77.74366013317032,46.16708913067282,port alfred,za,63.29,97,68,8.43,-33.59,26.89
-19.584703348749244,8.885298032019364,opuwo,na,65.04,55,20,3.96,-18.06,13.84
-16.967912564631447,115.09806672813846,karratha,au,87.77,47,0,5.19,-20.74,116.85
35.79928024854546,168.17089304656514,severo-kurilsk,ru,32.42,98,80,21.3,50.68,156.12
42.83483784473691,-62.0285840562817,halifax,ca,10.4,55,90,9.17,44.65,-63.58
-20.700425290522972,108.65701153302177,carnarvon,au,82.4,58,0,9.17,-24.87,113.63
54.80914688839229,-15.052490713527789,dingle,ie,48.89,99,80,17.6,52.14,-10.27
21.657660998227684,-57.24806409518534,codrington,ag,,,,,,
-8.596761842644327,119.27097769215789,bima,id,78.9,97,0,2.39,-8.45,118.73
-20.44592897874965,-74.87843297245067,camana,pe,,,,,,
11.783750467832093,-96.1079826855011,pochutla,mx,83.01,66,40,5.19,15.74,-96.47
61.53242223038953,-52.46067606656277,nuuk,gl,19.4,92,80,14.99,64.17,-51.74
86.78272865409966,-51.464544462715935,upernavik,gl,-8.13,100,24,8.21,72.79,-56.15
40.01474272408319,-143.90661638994982,sitka,us,26.16,64,0,7.2,37.17,-99.65
-68.92668361281886,72.32138435203316,saint-philippe,re,77.85,65,0,4.7,-21.36,55.77
13.042281941788787,-89.58047938967152,la libertad,sv,82.38,62,0,3.36,13.49,-89.32
47.737769898370914,-102.58604929369625,dickinson,us,10.94,80,20,10.29,46.88,-102.79
43.390161357263395,146.72607376978863,yuzhno-kurilsk,ru,26.25,100,56,11.56,44.03,145.86
29.930888581737918,-63.74818675463335,hamilton,bm,62.6,77,75,2.24,32.3,-64.78
-79.35552102541777,58.09771659615052,east london,za,64.77,100,92,14.14,-33.02,27.91
62.253250645953784,-97.94636826793956,thompson,ca,-25.61,67,5,4.7,55.74,-97.86
-48.72743644352336,-95.06178344029918,castro,cl,68,64,0,5.82,-42.48,-73.76
40.689132815693625,-85.31041331538341,bluffton,us,22.98,80,90,24.16,40.74,-85.17
70.88255354833382,-13.073665227212786,husavik,is,33.8,86,90,9.17,66.04,-17.34
35.072279538859135,-137.333273276209,fortuna,us,58.35,100,90,10.29,40.6,-124.16
61.802040625415515,59.79712749718607,polunochnoye,ru,15.27,74,8,7.2,60.87,60.43
15.276867035907841,-70.2170401540232,oranjestad,aw,80.6,69,20,20.8,12.52,-70.03
87.67889686178478,-81.39303484333558,qaanaaq,gl,-25.91,100,0,10.45,77.48,-69.36
88.9582829652756,171.85996183234937,pevek,ru,-21.27,100,44,6.64,69.7,170.27
-32.00574335491936,27.809357036302345,butterworth,za,50.87,79,0,3.4,-32.33,28.14
8.11476169989858,-33.72683804743912,sao filipe,cv,71.7,95,8,16.82,14.9,-24.5
-14.240833937676811,107.86547374817422,srandakan,id,75.75,91,12,4.07,-7.94,110.25
79.47173994460763,-137.6232257890017,tuktoyaktuk,ca,1.4,77,90,12.75,69.44,-133.03
-16.812710988604863,22.256945690505034,senanga,zm,64.05,94,0,2.95,-16.1,23.3
47.26120608387026,42.742558022074746,dubovskoye,ru,29.09,94,76,10.67,47.41,42.76
-9.809002545702143,173.27364612025957,lolua,tv,,,,,,
-20.15090452659814,135.69178106430928,mount isa,au,95,30,0,5.82,-20.73,139.49
5.362695265453823,117.92193502047098,sandakan,my,77,94,75,3.36,5.84,118.12
-18.343775236754595,-41.18940402995722,ecoporanga,br,80.97,53,0,13.24,-18.37,-40.83
28.822784371605778,-109.96449751273083,ures,mx,72.02,37,0,8.77,30.73,-112.95
82.71618658344525,111.48481452047218,saskylakh,ru,-23.07,67,68,12.46,71.97,114.09
-9.258129063383336,122.72004355399491,maumere,id,80.39,100,32,2.62,-8.63,122.22
-10.666631415673038,-67.896372544559,senador guiomard,br,77,78,75,2.39,-10.15,-67.74
27.052561963079214,-145.11351304068194,hilo,us,80.06,62,1,8.05,19.71,-155.08
46.69394620416665,134.62251519224134,bikin,ru,0.96,81,64,4.41,46.82,134.25
27.838846470140325,42.95508426821843,buraydah,sa,46.4,75,0,8.05,26.33,43.97
12.238061034447753,34.675461729789475,galgani,sd,,,,,,
-38.73378464445582,65.46318682389872,souillac,mu,77,94,75,3.36,-20.52,57.52
-32.90713764503426,124.18074455329293,esperance,au,75.2,53,0,17.22,-33.86,121.89
22.113853328587908,111.47367698656853,chuncheng,cn,55.95,95,80,2.51,22.17,111.79
24.066359375256,72.2586197777938,kanodar,in,60.5,53,0,9.1,24.1,72.38
-33.137047388552226,162.35073004049138,port macquarie,au,77.79,83,90,6.93,-31.43,152.91
-13.839660430518606,104.85978313452722,palabuhanratu,id,,,,,,
-4.627901408467039,87.35786510116884,meulaboh,id,76.47,100,68,5.08,4.14,96.13
36.20045095769203,51.18384313810827,karaj,ir,32,86,0,4.7,35.81,51.01
66.0466856225141,-75.07928398512878,iqaluit,ca,-20.21,68,75,9.17,63.75,-68.52
86.85122514862971,-178.23339533209327,mys shmidta,ru,,,,,,
55.474750134379775,-105.71905095400324,la ronge,ca,-23.81,74,40,6.93,55.1,-105.3
15.458349741377347,-87.92087157145413,la lima,hn,80.6,78,20,11.41,15.43,-87.91
-38.18281998235156,165.30603549895073,westport,nz,56.94,89,92,5.19,-41.75,171.6
52.26566180403012,14.45526935425454,frankfurt,de,20.41,73,0,6.93,49.68,10.53
56.60956540444511,150.68574669531438,magadan,ru,8.7,100,36,20.18,59.56,150.8
3.553710427457034,126.6872633123167,sarangani,ph,81.6,96,56,15.7,5.4,125.46
-11.445915528504884,115.06141597855469,denpasar,id,78.8,83,20,2.24,-8.65,115.22
-1.7434906595807718,-42.10840061543962,tutoia,br,77.01,94,80,6.64,-2.76,-42.27
25.415775819116135,5.730983254216426,gat,ly,,,,,,
-46.23189404918278,75.27030631979832,mahebourg,mu,77,94,75,3.36,-20.41,57.7
65.48904130227021,-30.377805595836833,olafsvik,is,,,,,,
-31.600481997376612,-21.545972604291137,vila velha,br,78.8,94,40,5.82,-3.71,-38.6
47.359541858531,103.65567033108266,bulgan,mn,6.59,35,0,10.22,48.81,103.53
-8.079444981792264,-160.97589781695962,samusu,ws,,,,,,
7.415249842146281,-44.66361628002204,saint-georges,gf,,,,,,
60.604404061643095,-22.469921357992206,grindavik,is,32.74,74,75,25.28,63.84,-22.43
-24.138088567376997,4.244006535608094,henties bay,na,62.43,100,0,5.41,-22.12,14.28
10.402132950997853,145.54276911731824,airai,pw,,,,,,
73.57567868268697,107.39827587416505,khatanga,ru,-9.71,68,64,10.11,71.98,102.47
-13.56708615082033,60.99511927235983,grand gaube,mu,77,94,75,3.36,-20.01,57.66
-10.896750502582734,-155.53015198391918,faanui,pf,83.13,100,24,12.57,-16.48,-151.75
-48.1250757539239,-55.30392501068437,necochea,ar,67.38,73,0,12.01,-38.55,-58.74
65.95185225266593,-126.52222545534212,norman wells,ca,-0.41,64,75,11.41,65.28,-126.83
-36.65982513170991,-164.04130955682095,avarua,ck,82.4,78,75,8.05,-21.21,-159.78
-39.32645564049779,-67.36674317292992,general roca,ar,93.2,20,0,11.41,-39.03,-67.58
11.898344117619004,-43.78389168469607,cayenne,gf,78.8,83,75,6.93,4.94,-52.33
76.12904505058432,-147.25961317994205,barrow,us,21.88,80,90,29.97,39.51,-90.4
-16.49300587802722,-57.452122948083996,caceres,br,,,,,,
23.193347213744957,-86.12432710086922,mantua,cu,76.38,71,20,4.63,22.29,-84.28
-21.74291432571455,31.013716646100477,chiredzi,zw,72.15,90,92,15.59,-21.05,31.67
37.01155918288559,128.55138852497498,seoul,kr,29.43,54,1,4.7,37.57,126.98
35.9265139843301,-98.76202449453424,weatherford,us,40.15,47,1,21.92,32.76,-97.8
0.8243414883173443,-173.21679094952347,saleaula,ws,,,,,,
66.1709662594952,75.17872254285413,pangody,ru,-4.35,79,32,8.77,65.85,74.49
54.80983141370635,-48.82171124176821,nanortalik,gl,25.98,94,24,8.43,60.14,-45.24
-24.878454700185472,159.21909476877443,coolum beach,au,79.89,79,64,6.2,-26.53,153.09
31.557903621213995,2.246712788997428,aflu,dz,,,,,,
17.361219437376917,-59.49738451477707,saint-francois,gp,71.6,88,0,2.24,16.25,-61.27
-36.85768226265922,-100.10815249565337,lebu,cl,58.38,95,0,14.25,-37.62,-73.65
2.7816844046060254,109.9508451086769,kuching,my,77,94,75,3.36,1.56,110.34
-22.03935991328109,-75.07756462098533,tocopilla,cl,69,82,8,6.08,-22.09,-70.2
-46.4755268835949,-44.01285827605403,rocha,uy,64.23,66,36,9.55,-34.48,-54.34
23.141049183378954,110.80898309138036,jinji,cn,55.68,92,80,2.62,22.16,112.49
28.482252405090705,17.605071873874124,waddan,ly,55.64,78,92,10.56,29.16,16.14
15.019890548503625,2.4384076948797997,ouallam,ne,68.15,22,0,12.24,14.32,2.08
-30.50286460167412,114.68104201399592,geraldton,au,82.4,37,0,5.82,-28.77,114.6
43.62493683842777,53.85987300083315,zhanaozen,kz,29.76,93,76,8.66,43.35,52.85
50.406311199539175,146.049742338003,katangli,ru,0.02,100,0,14.03,51.71,143.23
25.029585116906347,123.75396162228287,ishigaki,jp,68,88,75,3.36,24.34,124.16
-60.06874211314143,21.31482029151053,bredasdorp,za,53.6,66,0,2.24,-34.53,20.04
49.80910236441744,-66.93033275739438,port-cartier,ca,-18.41,56,20,8.05,50.03,-66.88
-30.96410405402205,144.99978883811593,griffith,au,77.31,36,68,5.82,-34.29,146.06
12.44757670229211,-105.98167385087963,coahuayana,mx,78.09,35,56,2.06,18.62,-100.35
48.21960209613826,-96.50775657177498,grand forks,us,-8.06,76,1,8.05,47.91,-97.06
78.08091188514345,23.110193332730546,havoysund,no,21.2,73,32,12.75,71,24.66
66.59645688451215,116.99853172920513,nyurba,ru,-14.07,63,80,2.62,63.29,118.35
16.177850305935948,-94.90046040223739,san mateo del mar,mx,79.85,87,8,1.39,16.21,-94.98
77.85411955169326,59.4874846998149,amderma,ru,,,,,,
55.42136773116823,-119.88201982861136,beaverlodge,ca,10.4,78,75,2.95,55.21,-119.43
75.94086344694173,29.1628682505698,mehamn,no,16.94,84,76,7.99,71.03,27.85
5.636071445387117,-75.99309288594146,andes,co,65.49,80,44,1.72,5.66,-75.88
88.41074481111815,156.01392227696715,chokurdakh,ru,-41.88,0,12,2.73,70.62,147.9
40.32311315329591,-107.83655665766227,craig,us,28.76,83,90,3.36,40.52,-107.55
-37.86712025712675,-70.33385945864866,mulchen,cl,71.57,56,0,4.63,-37.72,-72.23
27.751762035065894,97.2859812842218,tezu,in,46.19,56,0,1.95,27.93,96.16
-26.31423434075601,177.9728689043751,kaeo,nz,78.54,63,48,10.78,-35.1,173.78
-23.022031973934304,166.91695633348507,vao,nc,77.37,98,0,15.48,-22.67,167.48
11.12312635550495,2.3996448471814915,banikoara,bj,78.36,30,44,9.66,11.3,2.44
27.736378997405993,-32.219280638167504,ribeira grande,pt,61.35,100,100,3.96,38.52,-28.7
-11.18527513463249,95.45384136360366,bengkulu,id,,,,,,
32.85178017449768,-125.15860512220314,pacific grove,us,68.83,52,1,6.93,36.62,-121.92
-31.647550026808148,113.40820265689445,kwinana,au,86.68,33,0,9.17,-32.25,115.77
-23.600422092082937,36.85846013145854,inhambane,mz,76.02,100,92,34.61,-23.87,35.38
56.94707935609313,-133.46706298762038,juneau,us,29.84,74,75,3.36,58.3,-134.42
34.46248455324415,-59.17136612658811,saint george,bm,62.6,77,75,2.24,32.38,-64.68
-37.198221270254464,159.6356759640754,nelson bay,au,73.4,88,90,11.41,-32.72,152.14
-8.736859626671944,17.632342497009205,malanje,ao,64.41,94,56,4.07,-9.54,16.35
39.877201328139876,-119.89887653677938,sun valley,us,33.31,89,90,2.39,43.7,-114.35
18.44894427828835,106.35569224305613,ha tinh,vn,69.18,100,92,8.77,18.33,105.9
15.052594639925431,154.4784247906531,kavieng,pg,78.05,100,100,10,-2.57,150.8
10.8031786952412,-68.93261007032369,san felipe,ve,76.38,63,24,4.18,10.34,-68.74
-15.021626903389105,30.464043717306794,luangwa,zm,63.6,98,92,4.74,-12.88,28.25
41.68031434454471,-168.77780988568784,bethel,us,11.28,92,90,3.36,60.79,-161.76
25.378760768484995,90.4179253954465,tura,in,48.17,76,0,2.62,25.52,90.21
-4.9065252068859735,-64.10587962853702,tapaua,br,,,,,,
33.97198158348938,-20.078212950439564,ponta do sol,pt,60.8,67,40,4.7,32.67,-17.1
36.98806347263927,90.21414735865483,korla,cn,0.06,96,24,1.72,41.76,86.15
-18.431367625777625,-170.7572723133131,alofi,nu,84.2,83,48,10.29,-19.06,-169.92
27.8858731409602,64.61599563545272,dalbandin,pk,52.8,91,0,11.01,28.9,64.41
35.931392985516254,102.86682282854446,linxia,cn,4.34,79,76,2.17,35.6,103.21
60.7973215868721,91.90618598153992,teya,ru,15.99,70,68,5.97,60.37,92.63
25.248375926120772,-100.49802914433617,santiago,mx,68,65,5,18.34,25.42,-100.15
39.015846677428016,-94.25657089923364,blue springs,us,18.54,67,1,8.05,39.02,-94.28
46.60558002785433,-89.20340641670103,merrill,us,44.06,85,90,4.7,42.03,-121.6
-49.92569222850796,-61.46679172658696,comodoro rivadavia,ar,91.4,16,0,21.92,-45.87,-67.48
-7.004733800731302,145.41520048343216,kainantu,pg,68.82,93,80,1.72,-6.29,145.87
6.604512336771407,97.12009173333502,lhokseumawe,id,75.17,100,64,5.97,5.18,97.15
-20.38260165184606,170.21463974199548,isangel,vu,78.18,100,92,17.6,-19.55,169.27
62.627330912818934,-168.66789073158102,nome,us,45.77,56,40,16.11,30.04,-94.42
24.318948487174396,150.1622002529072,katsuura,jp,42.8,81,75,5.82,33.93,134.5
71.53470600303476,34.91818573621947,polyarnyy,ru,-23.81,67,0,2.62,69.2,33.45
24.085173985282353,-121.18008450937972,guerrero negro,mx,77.42,31,0,8.66,27.97,-114.04
60.28934333708557,-114.79261440735729,hay river,ca,3.2,65,90,10.29,60.82,-115.79
8.31412315720101,9.349241866611834,wukari,ng,69.99,47,0,4.63,7.87,9.78
43.77416272093896,-121.78113634414319,bend,us,42.69,81,40,3.36,44.06,-121.32
45.7032302346513,-97.64472527609382,aberdeen,us,48.43,89,90,3.36,46.98,-123.82
48.107856567739674,-135.21246820941587,prince rupert,ca,42.8,93,90,21.92,54.32,-130.32
-1.1832169334540765,-5.288165575783864,tabou,ci,82.55,100,76,7.2,4.42,-7.36
7.989044195576085,112.07323336334008,miri,my,77,100,75,3.36,4.41,114.01
8.502447406266711,-73.81585663614243,rio viejo,co,88.04,49,8,5.53,8.59,-73.84
0.3939116769016948,-34.523536216521165,touros,br,82.4,78,40,8.05,-5.2,-35.46
-31.757243274112767,-156.00757606576403,avera,pf,,,,,,
23.32510161823697,-112.37582906007745,constitucion,mx,62.6,20,40,9.17,23.99,-104.67
60.48917137617374,148.20265790342222,ust-omchug,ru,-34.46,57,88,3.4,61.13,149.63
52.228849606902145,29.10617968907485,mazyr,by,22.07,93,68,7.2,52.05,29.27
21.618836566926348,92.08576575561733,bandarban,bd,50.69,89,0,1.61,22.2,92.22
79.26796521295338,36.99078375398028,tumannyy,ru,,,,,,
42.50390500630172,-83.50545568382648,wixom,us,18.81,79,90,13.87,42.52,-83.54
71.60823087113701,167.17711920319306,bilibino,ru,-41.43,0,0,2.62,68.06,166.44
67.08329045041597,-50.35176269111889,qasigiannguit,gl,6.8,77,80,16.11,68.82,-51.19
-18.623933755059156,-24.66125563731731,maceio,br,77,88,40,3.36,-9.67,-35.74
-20.68437318081466,-58.61944516491015,fuerte olimpo,py,78.59,75,0,8.55,-21.04,-57.87
31.279816022640645,24.029574779035073,tubruq,ly,,,,,,
61.49836064881529,21.60295270418237,pori,fi,23,85,0,12.75,61.49,21.79
85.04792518337013,161.39221023232176,cherskiy,ru,-29.91,50,24,4.41,68.75,161.3
21.229273350926604,-16.60286004644152,nouadhibou,mr,60.8,72,0,16.11,20.93,-17.03
54.87053933076254,-61.468089143414176,saint-augustin,ca,-9.44,69,90,8.05,45.63,-73.98
-37.52389058424219,155.87243719065606,kiama,au,69.8,83,90,3.36,-34.67,150.86
17.355324648566324,13.319505522764246,bilma,ne,49.92,47,0,3.06,18.69,12.92
14.72713733827996,17.216619666313335,moussoro,td,59.55,54,0,3.74,13.64,16.49
-4.774150908290466,-18.86941197297807,georgetown,sh,78.81,100,64,11.56,-7.93,-14.42
39.161620608774285,-104.11636903415167,black forest,us,37.58,44,1,8.05,39.01,-104.7
18.574342434405338,41.746163294663546,abha,sa,53.6,81,0,4.7,18.22,42.5
43.974953543782135,80.28801863447546,zharkent,kz,-13.53,17,0,0.6,44.17,80
-33.182644638689084,-71.68188724467706,valparaiso,cl,63.73,68,0,5.82,-33.04,-71.63
-19.59349458769502,55.64620017067452,saint-denis,re,77.99,78,0,9.17,-20.87,55.47
-20.999728685208638,158.27729810350922,poum,nc,79.22,100,0,11.68,-20.23,164.02
2.922159857299377,31.73320964865357,adjumani,ug,72.2,47,68,5.41,3.38,31.79
9.12709720440624,77.56661246895766,kalugumalai,in,64.37,93,8,8.66,9.15,77.7
-37.15107686473472,147.1673934396166,bairnsdale,au,69.99,78,0,2.51,-37.83,147.63
-2.194876836693055,-38.31437335637102,paracuru,br,78.8,94,40,5.82,-3.41,-39.03
0.008125197012532226,-35.774496552584566,aquiraz,br,78.8,94,40,5.82,-3.9,-38.39
-41.50498144464114,145.49735431318464,burnie,au,65.67,93,0,16.15,-41.05,145.91
32.107052568705114,33.834803820741115,ashqelon,il,46.4,81,0,4.7,31.67,34.57
36.21372838556326,50.69254641691157,abyek,ir,24.8,79,0,2.24,36.04,50.53
-43.88471176316375,135.38132916579167,mount gambier,au,69.8,68,40,9.17,-37.83,140.78
30.981505880608623,43.12403260257571,hit,iq,28.05,69,0,3.4,33.64,42.83
9.453530972280845,31.13818082921344,malakal,sd,,,,,,
5.392680631720651,-166.79661316658746,makakilo city,us,79.68,71,90,8.05,21.35,-158.09
-19.724131675693314,-70.44609779159438,iquique,cl,71.6,68,0,19.46,-20.22,-70.14
40.35452328560555,-19.405264397916,vila franca do campo,pt,57.2,76,20,6.93,37.72,-25.43
64.2026933626799,40.46961992647897,katunino,ru,3.2,84,75,8.95,64.39,40.63
22.449856154178477,156.58084309310954,hasaki,jp,33.44,64,75,3.36,35.73,140.83
43.20959940313466,-100.89215631614208,pierre,us,19.94,42,1,10.29,44.37,-100.35
10.7953164135657,-126.66155607667048,cabo san lucas,mx,80.76,34,5,6.93,22.89,-109.91
38.09254850732438,24.736531884854287,andros,gr,53.6,76,0,6.93,37.83,24.93
74.16355203123152,-142.20875107722,aklavik,ca,-5.46,76,90,3.36,68.22,-135.01
59.382586918636235,167.01984251330424,tilichiki,ru,22.65,81,88,6.98,60.47,166.1
36.24695594606139,44.42812078889139,irbil,iq,,,,,,
12.075889153685722,96.96507765408256,mergui,mm,,,,,,
55.888380923870784,53.09291195488959,menzelinsk,ru,24.8,92,90,11.18,55.73,53.11
-20.129510681946073,20.99884398319054,nokaneng,bw,71.34,84,24,3.06,-19.66,22.19
-25.175715748092998,137.01341422869876,alice springs,au,96.8,22,0,14.99,-23.7,133.88
38.036158698603515,66.92203329828075,boysun,uz,30.17,98,92,1.61,38.2,67.2
-6.824967636365258,89.64935596641618,padang,id,77.73,100,76,5.19,-0.92,100.36
-13.594343150090538,58.397845240856185,cap malheureux,mu,77,94,75,3.36,-19.98,57.61
50.9105999438421,76.62341514696772,maykain,kz,,,,,,
40.61580102452581,-3.9075613485360634,torrelodones,es,39.2,100,90,3.36,40.58,-3.93
18.011168712785377,69.8860535107774,kodinar,in,51.59,82,0,2.62,20.79,70.7
-8.637231383402565,-48.046164952134035,miracema do tocantins,br,75.75,96,24,3.62,-9.56,-48.4
21.716082726064883,85.3397983667669,kiri buru,in,44.07,80,0,2.62,22.08,85.35
20.607014002584435,-127.39173775607047,san quintin,mx,,,,,,
48.897127661795736,52.6391240777366,inderborskiy,kz,,,,,,
49.90893872929331,-117.3967537132187,nelson,ca,30.62,79,92,2.17,49.49,-117.29
4.263315987605935,-47.345935549660794,amapa,br,75.57,98,64,1.95,-1.83,-56.23
-55.01145168076528,177.05087286201046,dunedin,nz,63.24,55,0,19.73,-45.87,170.5
-25.368680169812677,32.98360791449764,macia,mz,74,74,48,25.1,-25.03,33.09
8.687889538552028,-60.539315972945005,mabaruma,gy,78.05,84,80,7.65,8.2,-59.78
-21.445415644279464,22.47632466091892,dekar,bw,71.61,31,24,4.74,-21.53,21.93
-50.49453999228882,-59.233082762031785,rawson,ar,88.4,12,0,12.12,-43.3,-65.11
-32.84566353439004,-54.77097618661732,treinta y tres,uy,63.47,76,20,12.01,-33.23,-54.39
-7.474443461308411,-79.83162813337852,pacasmayo,pe,70.8,94,12,11.68,-7.4,-79.57
-9.526154163624568,-41.201798581838545,casa nova,br,77.19,73,100,10.67,-11.77,-39.23
-22.402993124045253,-30.39716183557431,caravelas,br,81.06,100,0,17.83,-17.73,-39.27
63.40756050844513,-44.60889160284398,qaqortoq,gl,17.6,85,32,12.68,60.72,-46.03
-33.561567204045474,40.490489736588074,beloha,mg,75.44,89,32,3.06,-25.17,45.06
-22.100145080405426,92.62303730638354,labuhan,id,76.25,94,76,2.51,-2.54,115.51
60.45625909512117,162.00317464055792,ossora,ru,31.02,96,88,17.6,59.24,163.07
42.11603980147174,-64.45314471946611,shelburne,ca,4.73,77,75,6.93,44.08,-80.2
51.917931542232,133.92369416087968,sofiysk,ru,,,,,,
54.73697554524381,-174.52573127595753,provideniya,ru,14.69,100,76,3.18,64.42,-173.23
49.76186333554378,102.92607837117032,kholtoson,ru,-25.19,32,8,2.73,50.3,103.31
42.07642205166022,22.286784818231155,zletovo,mk,32,88,75,1.95,41.99,22.23
51.73597179716853,14.03434690084947,lubbenau,de,23,92,8,4.7,51.87,13.97
87.69009661230189,24.925603237907097,longyearbyen,sj,-4.01,76,20,8.05,78.22,15.64
19.890580255770118,-95.6320997608992,veracruz,mx,62.6,20,40,9.17,24.02,-103.93
31.974509600653576,-86.94396453559487,selma,us,63.32,41,75,2.95,36.57,-119.61
4.208988184460111,60.72191065394645,victoria,sc,80.6,88,80,9.17,-4.62,55.45
40.62030123055064,129.86260562864862,khasan,ru,16.8,91,0,11.79,42.43,130.64
82.2904281657475,-63.81593749046026,narsaq,gl,17.6,85,76,10.78,60.91,-46.05
-20.579572486197847,152.4218087039846,yeppoon,au,82.4,61,90,10.29,-23.13,150.74
55.723415744913495,142.84602026184655,okha,ru,-2.37,84,0,17.49,53.59,142.95
-14.47899732938518,164.2158973525306,luganville,vu,82.5,100,68,11.79,-15.51,167.18
38.73563364963081,29.01398983506303,simav,tr,29.31,81,88,2.06,39.09,28.98
-16.316590108592806,120.21713422894481,broome,au,87.8,66,0,9.17,-17.97,122.23
55.95381175613224,115.64134338273755,taksimo,ru,-2.51,43,44,1.5,56.36,114.84
-9.476593906997351,-84.47598124240511,pimentel,pe,75.2,78,75,21.92,-6.84,-79.94
46.97744038795767,83.5640256750221,zaysan,kz,-3.77,69,0,5.08,47.47,84.87
-61.23793490267171,133.17083380420223,new norfolk,au,73.4,38,75,10.29,-42.78,147.06
43.67597258760861,80.56083935395185,yining,cn,40.29,100,92,3.06,29.04,114.56
55.94751167711681,177.17649161142856,beringovskiy,ru,2.27,100,92,6.64,63.05,179.32
13.852753231914221,-34.97104112513537,porto novo,cv,69.8,60,40,14.99,17.02,-25.06
45.517092088392104,110.43388716152259,darhan,mn,11.54,46,0,10.78,49.49,105.92
63.44598988417161,-20.946377810071994,eyrarbakki,is,32,100,90,14.99,63.86,-21.15
7.8564706316389135,92.05551999647821,sabang,id,82.5,100,0,0.38,1.17,120.82
-13.661965964627612,157.31227988114335,honiara,sb,81.78,88,64,3.18,-9.43,159.96
46.38382453006906,-14.312090462240775,muros,es,46.47,100,75,9.17,42.77,-9.06
57.06947471852632,96.50522405919082,aban,ru,16.85,84,24,9.78,56.67,96.06
-48.3783586400014,-78.7245294663711,coihaique,cl,71.37,33,0,6.93,-45.58,-72.07
49.249490340142614,55.36345057189391,shubarkuduk,kz,4.2,87,48,2.95,49.15,56.49
56.10553383468795,136.67778782930446,ayan,ru,,,,,,
31.916952655015123,99.41559996044867,yaan,cn,,,,,,
58.502420727622734,120.53525322936218,khani,ru,,,,,,
40.05558453409975,102.86535985091791,jinchang,cn,12.03,85,80,2.62,38.52,102.19
10.533609620976705,-9.294232323328998,kankan,gn,64.32,39,0,6.98,10.38,-9.3
63.57781285275806,94.89675177481575,baykit,ru,11.72,71,44,9.78,61.68,96.39
39.72565863709727,49.44698460454953,qobustan,az,28.4,100,40,2.24,40.08,49.41
25.303533950768156,-0.6613783674743274,adrar,dz,48.2,29,0,5.82,27.87,-0.29
5.644767914905643,68.01630092190251,ugoofaaru,mv,79.35,100,12,4.97,5.67,73
61.1090690299751,172.69433195751293,anadyr,ru,-7.61,76,0,11.18,64.73,177.51
64.6854459690203,-3.0887740959747134,klaksvik,fo,41,86,56,16.11,62.23,-6.59
21.623626273911654,47.02374700090181,riyadh,sa,42.8,56,0,2.39,24.63,46.72
52.43729464746605,-4.6971326757668805,aberystwyth,gb,41.24,100,68,3.06,52.41,-4.08
34.67601069056737,14.829898301490573,marsaxlokk,mt,50,87,40,4.7,35.84,14.54
-15.241743597291688,144.27124100102588,mareeba,au,78.8,78,90,10.29,-16.99,145.42
-2.702544276074093,16.28111508843216,bolobo,cd,73.05,97,48,2.39,-2.17,16.23
80.69953645809076,32.1820802188127,berlevag,no,17.07,100,44,10.45,70.86,29.09
21.316062646895404,-90.05169893771635,hunucma,mx,84.2,51,40,11.41,21.02,-89.88
36.74259902857192,-88.0949650966615,murray,us,37.24,68,90,8.05,40.67,-111.89
16.512360947126112,88.89905862014115,paradwip,in,,,,,,
15.730060913024701,-55.5102646918065,bathsheba,bb,77,73,40,11.41,13.22,-59.52
44.452234330046565,115.72625764748324,baruun-urt,mn,-3.14,67,0,14.14,46.68,113.28
20.819333390029158,-94.75747333676145,emilio carranza,mx,63.15,77,64,18.5,19.97,-96.61
54.20195857320368,23.465568043272754,lazdijai,lt,23.28,88,32,12.57,54.23,23.51
-6.530201343144412,29.674328688049542,moba,cd,67.11,100,92,6.53,-7.04,29.77
59.57699464002087,-126.1914715760003,fort nelson,ca,-2.21,77,75,2.24,58.81,-122.69
26.81165464932657,-150.67135591094166,kahului,us,77.77,62,40,20.8,20.89,-156.47
-13.614533510549691,16.23850504542196,huambo,ao,59.15,81,76,2.73,-12.78,15.73
31.521435166358415,86.2549284450443,kathmandu,np,41,93,20,3.36,27.71,85.32
8.486530674912416,56.213654068136805,bandarbeyla,so,75.8,100,92,14.03,9.49,50.81
61.748975108227,82.73899236370647,kargasok,ru,18.6,84,56,5.08,59.06,80.87
-1.307718557944213,-177.46849038076033,vaitupu,wf,,,,,,
-10.684702228645648,154.59056717495167,gizo,sb,82.41,100,68,12.68,-8.1,156.84
-4.295730352866585,-31.91422635772392,natal,br,82.4,78,20,9.17,-5.81,-35.21
-20.700959942463996,-90.53781452963858,pisco,pe,71.6,30,0,13.87,-13.71,-76.2
41.66561714503615,-117.44385122543284,winnemucca,us,55.04,54,20,9.17,40.97,-117.74
49.056863041970075,2.307344294363986,domont,fr,35.15,93,92,4.7,49.03,2.32
44.86357474705369,-1.493369789257116,arcachon,fr,41.14,93,75,1.12,44.65,-1.18
52.04354893279927,150.68807812811684,vostok,ru,-4.8,76,48,2.62,46.45,135.83
8.54996679170604,83.01507270503691,batticaloa,lk,75.39,100,64,9.55,7.71,81.69
-3.5533792634994796,-85.01038805544222,el alto,pe,,,,,,
-3.5097591797802608,43.86335346787405,bur gabo,so,,,,,,
20.77361118793256,49.026151473948545,abu samrah,qa,,,,,,
-28.167251120762003,-50.514492431383474,lages,br,69.77,84,76,7.54,-27.82,-50.33
-54.97474940371078,160.60473885774866,tuatapere,nz,56.09,100,92,25.77,-46.13,167.69
27.083467666418144,-106.7642563590525,santa barbara,mx,72.87,53,0,2.06,27.12,-108.72
14.004028711404345,105.20430382062074,det udom,th,66.2,93,0,3.36,14.9,105.08
8.916011791371261,80.86203730322597,mullaitivu,lk,,,,,,
46.59195057401925,-114.02097539161828,orchard homes,us,35.96,81,75,6.2,46.86,-114.05
-42.29762429346192,169.94300908801546,hokitika,nz,59.19,94,92,17.27,-42.72,170.96
5.069726126570586,85.85065951903579,kalmunai,lk,71.16,96,56,9.55,7.42,81.82
17.06470856864226,121.22380574279885,bocos,ph,64.86,95,88,2.51,16.93,121.08
-15.22421596429706,50.69629856889091,antalaha,mg,75.66,100,92,5.64,-14.9,50.28
11.55146271469033,-59.790251685003255,scarborough,tt,78.8,69,20,6.93,11.18,-60.73
19.09239108146447,102.94892125841642,phonhong,la,66.2,100,20,2.24,18.5,102.42
-15.530748940449598,23.03980527950597,mongu,zm,68.91,93,56,3.06,-15.27,23.14
50.37531320718739,-80.21609702799469,moose factory,ca,-22.01,74,1,2.51,51.26,-80.61
0.40929769551753736,-49.137685282311594,tucuma,br,,,,,,
3.413538824185366,63.1016328993347,kudahuvadhoo,mv,81.15,100,56,11.56,2.67,72.89
45.02856696472864,-73.13003985012455,swanton,us,20.34,77,90,18.34,41.59,-83.89
-35.72372690565656,144.87287785367022,deniliquin,au,76.97,47,32,4.74,-35.53,144.96
23.147899537624113,-10.900202783051014,atar,mr,50.55,45,0,7.09,20.52,-13.05
-26.247766839076604,130.7703140831519,yulara,au,84.2,30,48,12.75,-25.24,130.99
52.853025181792276,30.390843072004174,zlobin,by,,,,,,
44.774704955370765,123.70023995950464,qianan,cn,-2.42,73,0,10,44.99,124.06
62.27976450138874,23.1287816624841,seinajoki,fi,,,,,,
66.57037912271915,147.48260806453732,belaya gora,ru,-49.49,0,12,2.95,68.54,146.19
60.263748263749136,-15.084024169775006,hofn,is,39.12,100,8,23.87,64.25,-15.21
31.847811296292747,-90.53594863390566,brookhaven,us,37.04,78,90,17.22,40.78,-72.92
13.35651925352903,-18.761727841780527,dakar,sn,66.27,72,8,13.87,14.69,-17.45
61.730730419648125,156.8693205669756,omsukchan,ru,-30.9,47,76,3.51,62.53,155.8
-22.36049549679626,-57.94038988109101,san lazaro,py,,,,,,
-29.94394182970732,-57.70045262052673,bella union,uy,71.12,76,56,14.81,-30.28,-57.6
-41.587281060453954,174.7678394890284,wellington,nz,75.2,29,0,12.75,-41.29,174.78
-32.25829404981919,32.34656840803663,margate,za,67.65,95,80,16.49,-30.86,30.37
48.016475073017546,90.44663788089247,mugur-aksy,ru,-29.42,37,0,2.06,50.38,90.44
21.795333256582055,24.0864671029083,faya,td,,,,,,
23.717632320853696,139.03180658402442,shingu,jp,53.6,71,75,3.36,33.72,135.99
28.892464571734948,8.388718352429578,nalut,ly,36.51,81,0,4.52,31.86,10.98
35.87232818408705,-76.22049398361295,elizabeth city,us,52.16,86,90,16.11,36.3,-76.22
5.466373752645168,143.35823162765195,vanimo,pg,78.59,100,88,6.08,-2.67,141.3
-17.07045715996746,39.35917637501046,angoche,mz,78.32,100,76,16.26,-16.23,39.91
32.59886491385409,-81.53922318013454,statesboro,us,67.6,61,1,9.17,32.45,-81.78
52.247614598843455,3.5951428805186367,goedereede,nl,32.72,69,0,16.11,51.82,3.98
-42.39209170287422,-70.10918296105704,san carlos de bariloche,ar,80.6,22,0,19.46,-41.13,-71.31
23.69246099967046,-95.32901770319145,nuevo progreso,mx,75.35,78,32,16.6,17.14,-95.05
24.902047653193804,-103.05637092659543,venustiano carranza,mx,68.77,28,90,5.82,19.42,-99.11
67.84597614012111,138.88349476313715,deputatskiy,ru,-63.57,0,0,2.51,69.3,139.9
-5.028894959879025,139.5628084360448,kiunga,pg,81.51,81,20,2.51,-6.12,141.3
-27.95648147637076,152.55499950042565,gatton,au,82.08,51,75,10.29,-27.56,152.28
5.59531930024373,-102.9038523828957,acapulco,mx,82.4,74,90,4.7,16.86,-99.88
48.87465207479113,11.530588940800044,ingolstadt,de,17.67,92,0,2.24,48.76,11.43
16.68330926489179,-9.9293278868943,nioro,ml,,,,,,
3.467438937292968,-84.78985792954704,burica,pa,,,,,,
37.34029348101768,20.234573859855942,mouzakion,gr,,,,,,
37.36728040185855,-71.56152886428951,brigantine,us,39.54,85,90,10.29,39.41,-74.36
38.24445299501531,-12.641332660743672,colares,pt,56.34,93,75,11.41,38.8,-9.45
38.738284136778816,116.44866985311944,renqiu,cn,20.67,40,0,7.65,38.71,116.1
2.023651522254667,-14.507889797321496,monrovia,lr,77,94,20,4.18,6.33,-10.8
64.9891447831624,-60.23171208136122,pangnirtung,ca,-34.23,61,12,3.51,66.15,-65.72
51.23356623821036,14.30030227762225,bautzen,de,24.8,79,0,8.05,51.18,14.43
64.55374811901487,158.45616914584082,evensk,ru,14.82,100,68,20.62,61.92,159.24
19.925421532146828,-90.49102448490648,campeche,mx,78.8,74,40,6.93,19.84,-90.54
65.26113806567028,103.72841264270869,tura,ru,10.77,69,76,6.76,64.27,100.22
23.462392184508857,25.74384733068871,asyut,eg,46.4,70,0,4.7,27.18,31.19
67.3552462340362,38.46947278427356,ostrovnoy,ru,-12,75,8,2.73,68.05,39.51
64.20067281128999,150.85257070879857,zyryanka,ru,-42.51,0,20,2.62,65.73,150.89
-10.843393585246929,27.727225001064568,lubumbashi,cd,62.57,99,92,8.55,-11.66,27.48
-12.120623898021094,-26.06774317268858,sao jose da coroa grande,br,75.66,98,80,4.52,-8.9,-35.15
-11.482718436589536,172.38354433856261,sola,vu,83.58,97,64,6.2,-13.88,167.55
35.90161988447309,-94.19027383951325,fayetteville,us,22.66,85,90,18.34,36.06,-94.16
67.01558629428789,173.70330061707205,komsomolskiy,ru,14.1,89,80,11.23,67.55,63.78
59.59991319161321,95.35439107262266,yuzhno-yeniseyskiy,ru,,,,,,
23.19721707895023,113.90295042107897,shilong,cn,63.81,77,8,2.24,23.11,113.84
51.609430357919024,158.77947508278163,petropavlovsk-kamchatskiy,ru,32,92,90,8.95,53.05,158.65
41.534806203984914,44.10787909658475,tsalka,ge,-2.82,68,8,2.39,41.6,44.09
61.982799044395705,142.42713022471827,ust-nera,ru,-61.05,0,8,1.95,64.57,143.24
32.29029980109857,67.34181552379485,uruzgan,af,30.35,96,92,3.06,32.93,66.63
53.5735955179,52.00123615691851,podbelsk,ru,,,,,,
-4.42359195655969,-75.93153854768009,lagunas,pe,75.93,88,64,2.39,-5.23,-75.68
-23.645852674742216,15.351683642472409,walvis bay,na,62.6,82,0,9.17,-22.95,14.51
51.380404567279214,73.86723147065118,ereymentau,kz,29.13,93,48,9.78,51.62,73.1
69.5410712589757,57.37307451270138,usinsk,ru,-5.25,68,56,3.18,66,57.56
46.259500845068345,-0.8741774962755642,fontenay-le-comte,fr,43.65,93,80,3.36,46.47,-0.81
2.4210085281155926,36.318068581481924,lodwar,ke,67.56,56,0,2.73,3.12,35.6
49.271910602060444,-119.30439493689153,oliver,ca,42.8,75,40,13.87,49.18,-119.55
11.911973187412485,90.70991502493774,port blair,in,75.2,94,75,5.82,11.67,92.75
-6.671561265568002,-82.24935049165904,sechura,pe,76.38,73,0,11.45,-5.56,-80.82
22.055870190708546,37.07554989732225,jiddah,sa,,,,,,
47.51685655191139,-57.29140563602016,burgeo,ca,21.48,100,20,20.85,47.61,-57.61
-12.838609480981674,163.39029528638002,kirakira,sb,83.49,100,68,5.19,-10.46,161.92
35.82488379830734,-72.23859865510956,virginia beach,us,51.4,81,90,9.17,36.85,-75.98
60.407323261605825,115.16637913324462,lensk,ru,12.57,81,88,6.53,60.71,114.91
48.96230700078593,46.03234569827137,kapustin yar,ru,30.39,89,20,14.03,48.58,45.77
-11.80943876312054,-65.46157198373605,rodrigues alves,br,78.8,94,75,2.17,-7.74,-72.65
16.038215166490303,96.22813689402233,pyapon,mm,65.9,99,0,4.41,16.29,95.68
66.29375915842945,143.2836106622098,khonuu,ru,,,,,,
42.44188649291962,-22.9731179563814,rabo de peixe,pt,57.2,76,20,6.93,37.8,-25.58
-1.333753008168955,135.42887664810632,biak,id,79.98,100,36,3.4,-0.91,122.88
37.5956629615705,80.77396838042267,aksu,cn,-2.24,62,0,3.51,41.12,80.26
-18.975212153836324,-43.21392645631488,conceicao do mato dentro,br,69.81,85,0,2.95,-19.04,-43.42
27.72438531150442,26.90132623942037,marsa matruh,eg,48.2,93,0,3.06,31.35,27.25
-11.393864058903517,44.81916462391962,mutsamudu,km,,,,,,
51.352918274609834,80.4981814311434,uglovskoye,ru,23.42,79,44,12.46,51.36,80.19
61.53527214057567,-135.42168592733864,whitehorse,ca,6.8,77,90,6.93,60.72,-135.06
-24.15392792929137,143.25741598818115,emerald,au,82.4,51,0,16.11,-23.53,148.16
-2.106742714487339,173.06461502583534,utiroa,ki,,,,,,
68.07577433666205,124.72264649124338,zhigansk,ru,-26.94,42,56,11.45,66.77,123.37
16.88216193881088,123.29130937341591,dicabisagan,ph,73.68,100,100,10,17.08,122.42
41.96795887210618,-81.88879199245152,blenheim,ca,15.8,85,90,19.46,42.33,-82
-20.940254332139247,48.0019358342787,mananjary,mg,62.12,96,92,3.06,-19.16,46.8
51.593011275532945,-94.58991255186292,kenora,ca,-14.77,75,1,4.41,49.76,-94.48
26.8294468602394,96.14559013826477,khonsa,in,46.41,92,0,1.61,26.99,95.51
4.2094597858092015,-22.56437385066232,bubaque,gw,78.18,98,0,13.13,11.28,-15.83
0.4557085728415018,96.09821085784887,sibolga,id,,,,,,
25.441472932864656,-72.06440602515143,cockburn town,bs,76.34,100,0,7.76,24.03,-74.52
32.90407379419325,-100.05679321926745,sweetwater,us,49.59,40,1,9.17,32.47,-100.41
27.81292049278632,-89.04143468160834,estelle,us,,,,,,
-0.768191978308181,146.65121805728666,lorengau,pg,80.3,100,92,12.57,-2.02,147.27
40.195463853573955,-118.70789522762337,fallon,us,,,,,,
18.068531260772858,-103.03102366926379,coalcoman,mx,,,,,,
-41.530086453256104,-65.21245064253884,puerto madryn,ar,,,,,,
65.89787246483266,32.43583625281897,loukhi,ru,9.96,81,80,6.53,66.08,33.04
57.333047536309095,71.25919698539397,ust-ishim,ru,6.32,80,56,5.41,57.69,71.17
56.7710486633826,14.966333384106207,vaxjo,se,,,,,,
34.56879363821058,67.38836144844427,panjab,af,25.49,89,88,2.95,34.38,67.02
12.533214724170023,3.482677197527039,dosso,ne,73.59,25,12,11.68,13.05,3.19
-3.4981604331987057,169.20650296928034,tabiauea,ki,,,,,,
-9.57618696624894,116.45225632486466,praya,id,78.8,94,40,2.95,-8.71,116.27
-32.16762948955844,135.85489805775893,flinders,au,69.8,83,90,3.36,-34.58,150.85
69.72317356353392,12.916890943999789,gravdal,no,33.08,100,88,9.17,59.79,5.78
31.431701274254024,-109.78911256293492,naco,mx,61,13,1,13.87,31.32,-109.94
1.548764096313704,-22.634353796452643,goderich,sl,,,,,,
-10.611272633278517,30.545582510271373,luwingu,zm,61.85,100,92,4.52,-10.26,29.92
-7.5182414615054824,28.024297209693344,manono,cd,68.28,98,92,1.72,-7.3,27.4
7.722670841055077,125.0340238090833,san jose,ph,72.02,97,88,2.62,15.79,120.99
-33.23954118423869,-76.42944246416602,constitucion,cl,59.55,95,0,4.52,-35.33,-72.42
-4.472957760218748,-65.80082827662518,carauari,br,80.07,84,8,3.62,-4.88,-66.9
27.771428471620027,66.96098559045524,khuzdar,pk,46.82,86,36,3.06,27.8,66.62
57.18028434654434,0.6065421954681653,boddam,gb,35.6,100,90,2.24,57.47,-1.78
-17.415204025963504,-45.58749765125745,buritizeiro,br,82.32,46,80,6.98,-17.37,-44.96
38.38936965767965,-121.15190587567415,galt,us,65.26,59,1,5.82,38.25,-121.3
-29.31837122118617,-76.04385009864197,coquimbo,cl,64.4,72,20,11.41,-29.95,-71.34
-0.9949908400939478,120.27637951519199,palu,id,69.18,92,36,2.06,-0.9,119.87
30.4944676485008,82.34320790766816,jumla,np,17.79,74,0,2.95,29.28,82.18
56.29214912596737,-74.54265961445594,chapais,ca,-29.21,73,1,2.24,49.78,-74.86
38.38382066831497,-88.9068543656792,mount vernon,us,36.82,93,90,3.36,38.73,-77.1
3.9102833582212497,49.59200345336944,hobyo,so,74.04,89,0,15.03,5.35,48.53
60.80241450002606,-155.68908403888898,homer,us,28.04,65,1,4.7,59.64,-151.54
43.990997034738996,149.63253213807553,sentyabrskiy,ru,,,,,,
-1.9291171448597169,-37.53041664979983,caucaia,br,78.8,94,40,5.82,-3.73,-38.66
-46.059133928845874,173.50362061062629,southbridge,nz,75.2,31,12,11.41,-43.81,172.25
-33.38278843658123,142.01264024276128,mildura,au,71.6,37,92,10.29,-34.18,142.16
19.478561350601595,38.54273945150385,sawakin,sd,68,88,40,4.52,19.1,37.33
49.251950022330504,97.70537304971094,kungurtug,ru,-26.81,33,8,2.39,50.6,97.53
10.316065530130714,-89.21876030895926,corinto,ni,85.7,41,0,7.54,12.48,-87.17
64.84951957099304,4.843975641841979,roald,no,28.89,100,80,9.17,62.58,6.12
35.27177278936715,133.67395987504034,kurayoshi,jp,47.37,100,75,3.36,35.43,133.83
-45.81924028388134,175.23814858524003,christchurch,nz,75.2,31,8,11.41,-43.53,172.64
34.54514755229084,-17.606640341566646,camacha,pt,61.54,72,75,16.11,33.08,-16.33
-27.37091005704559,-44.022079714082196,ilhabela,br,81.51,99,20,6.08,-23.78,-45.36
14.461500879135045,-7.6365882711890265,nara,ml,58.97,26,0,9.78,15.17,-7.29
46.083902401899195,-105.15274145069127,miles city,us,21.02,77,1,12.75,46.41,-105.84
67.63622521713953,133.35289953853135,verkhoyansk,ru,-55.02,0,36,2.51,67.55,133.39
-10.322256763884823,132.9788922241525,maningrida,au,85.79,88,32,10.67,-12.05,134.23
-36.06581412134254,146.14809785642177,corowa,au,80.6,34,0,4.7,-36,146.39
70.8306867226847,31.11657422300584,vardo,no,30.21,100,24,17.27,70.37,31.11
23.322376022222215,-2.7498465156164684,taoudenni,ml,40.25,36,0,3.62,22.68,-3.98
29.30033911830718,53.69210845111627,fasa,ir,30.2,63,0,4.7,28.94,53.65
55.52036111041076,55.45556745535271,birsk,ru,20.67,93,88,9.44,55.42,55.54
15.652571210291669,12.48638627769904,diffa,ne,57.84,40,12,5.41,13.32,12.61
69.38616270407823,-0.9455679803644159,brae,gb,38.93,100,44,5.82,60.4,-1.35
29.309111006141777,22.116087092747165,jalu,ly,48.75,41,80,2.73,29.03,21.55
36.503559146650474,66.61084156863882,dawlatabad,af,32.55,100,92,7.09,36.41,64.91
24.658999830466,-8.889942766394114,tiznit,ma,51.72,98,0,0.94,29.7,-9.73
-9.598174367356378,9.8291185708145,luanda,ao,78.8,83,20,2.24,-8.83,13.24
9.323685672750358,123.80891350746015,tawala,ph,75.8,100,80,16.04,9.55,123.77
36.132573113543145,116.47824952966374,pingyin,cn,19.5,78,0,5.97,36.28,116.45
55.42568855334207,-2.0877034652093016,yetholm,gb,,,,,,
-1.24379369180852,17.871256082507756,inongo,cd,73.86,95,56,2.39,-1.93,18.29
1.2074913642047989,172.12846415019732,bairiki,ki,,,,,,
1.5659243621524013,160.06107823031272,kieta,pg,82.55,97,64,11.68,-6.22,155.63
4.248579275343985,46.56387933298436,mahadday weyne,so,,,,,,
-9.958744046764949,-78.09494168618737,huarmey,pe,70.85,71,36,3.62,-10.07,-78.15
48.9470265348819,37.33271656347051,izyum,ua,9.29,71,64,3.96,49.21,37.25
59.30048774528902,-6.102054943568788,stornoway,gb,28.4,100,8,2.24,58.21,-6.39
27.773904976757905,56.18181325952571,qeshm,ir,55.54,76,0,4.7,26.96,56.27
47.28362312740521,-72.11770385250534,saint-raymond,ca,-8.47,63,68,2.17,46.89,-71.84
62.58206856308959,26.93082050921575,kuopio,fi,-5.81,83,90,4.97,62.89,27.68
26.565872375399636,73.54886874821685,pipar,in,,,,,,
-35.22704790875105,2.7524543544326434,luderitz,na,64.5,53,0,21.3,-26.65,15.16
31.09420293534646,-86.18541269218014,enterprise,us,36.24,100,92,2.62,45.43,-117.28
58.75489247898727,-130.55795548519032,ketchikan,us,42.71,85,90,9.17,55.34,-131.65
57.21480838266493,123.71882769128649,neryungri,ru,-35.22,59,8,2.62,56.66,124.71
40.255150211572186,121.96164061155724,xiongyue,cn,11.09,45,0,9.66,40.18,122.12
4.54680983191399,-9.541227642937258,buchanan,lr,77,94,20,4.74,5.88,-10.05
-19.303991607794416,-174.0020640152549,pangai,to,77.73,100,92,12.46,-19.8,-174.35
11.93562347826969,-77.04359204967949,cartagena,co,79.83,65,40,2.24,5.03,-75.64
-39.63196846412333,-43.421313000965085,rio grande,br,69.81,96,44,19.73,-32.03,-52.1
-10.73125933489598,20.988743589625955,cazaje,ao,,,,,,
59.1537868647996,132.19586215163383,chagda,ru,,,,,,
53.014332186363106,117.7465144604646,zhireken,ru,-2.87,68,0,2.95,52.82,117.29
29.758248434548136,25.028380057454484,bardiyah,ly,56.58,97,92,10.11,31.76,25.09
36.85535865631856,43.527343942073,dahuk,iq,,,,,,
-14.478908789399142,-60.56045701249994,pontes e lacerda,br,74.85,88,12,7.2,-15.23,-59.33
47.332459922160865,-116.5445275843755,hayden,us,39.11,86,90,6.93,47.77,-116.79
-23.73461990195608,-50.9039369636088,assai,br,75.2,88,0,3.51,-23.37,-50.84
-6.046672773339537,112.76445879373932,paciran,id,74.9,99,32,4.18,-6.9,112.33
5.1229582784835515,-74.99954760357141,palocabildo,co,71.75,79,48,0.6,5.12,-75.02
16.329096497727633,-84.35597693701492,barra patuca,hn,79.71,86,12,10.67,15.8,-84.28
72.06123804871135,93.82994156291329,talnakh,ru,-0.03,84,64,12.57,69.49,88.39
